专家,所在,地区
2,所在,海淀区
3,所在,海淀区
4,所在,海淀区
5,所在,海淀区
6,所在,海淀区
7,所在,海淀区
8,所在,海淀区
9,所在,其他
10,所在,北京其他县区
11,所在,北京其他县区
12,所在,北京其他县区
13,所在,其他
14,所在,海淀区
15,所在,海淀区
16,所在,海淀区
18,所在,海淀区
20,所在,北京其他县区
21,所在,北京其他县区
22,所在,北京其他县区
23,所在,北京其他县区
24,所在,北京其他县区
25,所在,北京其他县区
26,所在,北京其他县区
27,所在,北京其他县区
28,所在,北京其他县区
29,所在,海淀区
30,所在,北京其他县区
32,所在,北京其他县区
33,所在,北京
34,所在,北京
35,所在,北京
36,所在,北京
37,所在,北京
38,所在,北京
39,所在,北京
40,所在,北京
41,所在,北京
42,所在,北京
43,所在,北京
44,所在,北京
45,所在,北京
46,所在,北京
47,所在,北京
48,所在,北京
49,所在,北京
50,所在,北京
51,所在,北京
52,所在,北京
53,所在,北京
54,所在,北京
55,所在,北京
56,所在,北京
57,所在,北京
58,所在,北京
59,所在,北京
60,所在,北京
61,所在,北京
62,所在,北京
63,所在,北京
64,所在,北京
65,所在,北京
66,所在,北京
67,所在,北京
68,所在,北京
69,所在,北京
70,所在,北京
71,所在,北京
72,所在,北京
73,所在,北京
74,所在,北京
75,所在,北京
76,所在,北京
77,所在,北京
78,所在,北京
79,所在,北京
80,所在,北京
81,所在,北京
82,所在,北京
83,所在,北京
84,所在,北京
85,所在,北京
86,所在,北京
87,所在,北京
88,所在,北京
89,所在,北京
90,所在,北京
91,所在,北京
92,所在,北京
93,所在,北京
94,所在,北京
95,所在,北京
96,所在,北京
97,所在,北京
98,所在,北京
99,所在,北京
100,所在,北京
101,所在,北京
102,所在,北京
103,所在,北京
104,所在,北京
105,所在,北京
106,所在,北京
107,所在,北京
108,所在,北京
109,所在,北京
110,所在,北京
111,所在,北京
112,所在,北京
113,所在,北京
114,所在,北京
115,所在,北京
116,所在,北京
117,所在,北京
118,所在,北京
119,所在,北京
120,所在,北京
121,所在,北京
122,所在,北京
123,所在,北京
124,所在,北京
125,所在,北京
126,所在,北京
127,所在,北京
128,所在,北京
129,所在,北京
130,所在,北京
131,所在,北京
132,所在,北京
31,所在,北京其他县区
